pso_particles,pso_max_iter,pso_w,pso_w_end,pso_c1,pso_c2,charger_count,weight_load,weight_sensitivity,best_fitness,mean_fitness,std_fitness,mean_load_coverage,mean_avg_sensitivity,mean_runtime,best_selected_nodes
100,200,0.7,0.3,1.5,1.5,10,0.6,0.4,0.41954152487261503,0.41787248686710327,0.002169434139893527,0.5631224764468372,0.19999750249750253,89.42239332199097,"[19, 25, 32, 2, 7, 8, 24, 31, 30, 4]"
80,200,0.6,0.3,1.5,1.5,10,0.6,0.4,0.4198510807272584,0.41672488704655597,0.0027143355131144264,0.5534320323014805,0.21166416916416914,109.06964917182923,"[8, 3, 25, 19, 24, 30, 32, 2, 7, 4]"
80,200,0.7,0.2,1.5,2.0,10,0.6,0.4,0.4198510807272584,0.41666297587562723,0.00413758539429948,0.5566621803499328,0.20666416916416913,107.6018440246582,"[25, 19, 7, 4, 30, 24, 32, 2, 8, 3]"
100,200,0.7,0.3,1.5,2.0,10,0.6,0.4,0.4198510807272584,0.41643202029016296,0.004274439167614078,0.5582772543741588,0.20366416916416913,80.15979013442993,"[32, 3, 25, 24, 30, 7, 19, 4, 2, 8]"
80,200,0.8,0.2,2.0,2.0,10,0.6,0.4,0.4198510807272584,0.4162653600325202,0.0029520531927382525,0.5550471063257066,0.20809274059274058,117.3557002067566,"[24, 7, 32, 2, 19, 30, 25, 8, 4, 3]"
50,200,0.7,0.3,1.5,1.5,10,0.6,0.4,0.4198510807272584,0.41615345847512736,0.0019681822785206876,0.5534320323014805,0.21023559773559772,68.9876558303833,"[2, 25, 32, 24, 7, 30, 19, 8, 3, 4]"
100,200,0.6,0.2,1.5,2.0,10,0.6,0.4,0.4198510807272584,0.4160677313713653,0.005721266039838962,0.559892328398385,0.20033083583083583,138.80656719207764,"[8, 25, 24, 30, 2, 19, 32, 7, 4, 3]"
100,200,0.8,0.3,1.5,1.5,10,0.6,0.4,0.4198510807272584,0.4159629822846512,0.003308106145663561,0.5534320323014805,0.20975940725940725,82.03230619430542,"[8, 24, 25, 30, 2, 19, 32, 4, 3, 7]"
80,200,0.8,0.2,2.0,1.5,10,0.6,0.4,0.4198510807272584,0.4156201251417941,0.002436633799257923,0.5534320323014805,0.2089022644022644,110.15499024391174,"[30, 4, 25, 7, 24, 2, 19, 32, 8, 3]"
80,200,0.6,0.3,2.0,1.5,10,0.6,0.4,0.4198510807272584,0.41553678219492485,0.0023691702037865604,0.5582772543741588,0.20142607392607395,110.81284527778625,"[25, 8, 3, 19, 32, 2, 7, 30, 24, 4]"
50,200,0.8,0.2,1.5,1.5,10,0.6,0.4,0.41954152487261503,0.41549868695682957,0.002359380218150756,0.5582772543741588,0.20133083583083583,70.66008443832398,"[7, 8, 25, 31, 24, 19, 2, 32, 4, 30]"
80,200,0.6,0.2,1.5,1.5,10,0.6,0.4,0.4198510807272584,0.4152963156179846,0.003462691677689669,0.5534320323014805,0.20809274059274058,131.2365267276764,"[24, 4, 30, 2, 8, 7, 25, 19, 32, 3]"
100,200,0.6,0.3,2.0,2.0,10,0.6,0.4,0.4198510807272584,0.41521138323318674,0.007431590023821927,0.5593539703903095,0.1989975024975025,135.25005612373351,"[24, 25, 19, 32, 2, 30, 7, 4, 8, 3]"
100,200,0.8,0.3,2.0,1.5,10,0.6,0.4,0.41651774739392505,0.415027264794425,0.0028287290818792355,0.5550471063257068,0.2049975024975025,84.2729151725769,"[30, 4, 25, 20, 24, 19, 8, 2, 7, 32]"
100,200,0.8,0.2,1.5,1.5,10,0.6,0.4,0.4198510807272584,0.41499393787011557,0.004007710035624091,0.5518169582772543,0.20975940725940725,106.9327094078064,"[32, 19, 30, 7, 8, 3, 25, 24, 2, 4]"
100,200,0.6,0.3,1.5,2.0,10,0.6,0.4,0.4198510807272584,0.4144963156179845,0.004087814639574817,0.5534320323014805,0.20609274059274058,98.06212778091431,"[19, 3, 30, 25, 2, 7, 8, 24, 32, 4]"
100,200,0.7,0.3,2.0,1.5,10,0.6,0.4,0.4198510807272584,0.4144939314610916,0.0032739583204934347,0.5550471063257066,0.20366416916416918,131.85718717575074,"[30, 8, 2, 32, 25, 24, 19, 7, 4, 3]"
80,200,0.7,0.3,1.5,1.5,10,0.6,0.4,0.4162081915392817,0.4144105885142224,0.0009842483389728195,0.559892328398385,0.1961879786879787,104.0836211681366,"[24, 4, 31, 30, 23, 2, 8, 25, 32, 7]"
80,100,0.6,0.2,2.0,2.0,10,0.6,0.4,0.41651774739392505,0.41428679180846073,0.0014564938042045505,0.5534320323014805,0.2055689310689311,54.71848092079163,"[30, 2, 20, 19, 8, 24, 25, 7, 32, 4]"
100,200,0.6,0.3,2.0,1.5,10,0.6,0.4,0.41651774739392505,0.41425108072725836,0.002347988268733654,0.5518169582772544,0.20790226440226442,141.72523193359376,"[24, 8, 25, 2, 20, 19, 32, 7, 30, 4]"
80,200,0.6,0.2,2.0,2.0,10,0.6,0.4,0.41651774739392505,0.4138272647944249,0.0033684537072474928,0.5550471063257068,0.20199750249750248,110.48031435012817,"[25, 7, 8, 2, 20, 32, 30, 4, 24, 3]"
100,100,0.6,0.2,2.0,2.0,10,0.6,0.4,0.41651774739392505,0.413720131550818,0.0018492273389086153,0.5502018842530283,0.20899750249750246,6348.757627248764,"[32, 25, 8, 2, 24, 30, 20, 19, 7, 4]"
50,200,0.6,0.2,1.5,2.0,10,0.6,0.4,0.41651774739392505,0.4132963156179845,0.002708136630103756,0.5534320323014805,0.2030927405927406,80.02995615005493,"[2, 30, 8, 20, 24, 25, 7, 4, 19, 32]"
50,200,0.7,0.2,1.5,1.5,10,0.6,0.4,0.4198510807272584,0.41326060453678226,0.004208360106333662,0.5518169582772544,0.2054260739260739,67.12294578552246,"[8, 4, 19, 25, 30, 32, 2, 24, 7, 3]"
80,100,0.6,0.2,1.5,1.5,10,0.6,0.4,0.41451774739392505,0.4132463252315204,0.0009508676932115937,0.5485868102288022,0.21023559773559777,56.23735837936401,"[21, 25, 32, 7, 30, 4, 24, 2, 8, 19]"
100,200,0.7,0.2,1.5,1.5,10,0.6,0.4,0.4198510807272584,0.4131706451466882,0.006728912396778807,0.5458950201884254,0.21408408258408257,134.78313069343568,"[7, 25, 19, 30, 2, 24, 8, 32, 3, 4]"
80,200,0.8,0.2,1.5,2.0,10,0.6,0.4,0.4198510807272584,0.41302410300929815,0.005366763809769012,0.5485868102288022,0.20968004218004216,111.60064306259156,"[32, 19, 30, 7, 3, 2, 25, 24, 8, 4]"
100,200,0.6,0.2,2.0,2.0,10,0.6,0.4,0.4198510807272584,0.4126891759653536,0.0068988848359342915,0.5518169582772544,0.20399750249750248,137.02107462882995,"[2, 7, 19, 30, 24, 32, 25, 8, 3, 4]"
50,200,0.6,0.3,1.5,2.0,10,0.6,0.4,0.4198510807272584,0.4123230132810214,0.006341654254306444,0.5523553162853297,0.20227455877455877,67.11749019622803,"[24, 19, 32, 25, 7, 2, 8, 30, 3, 4]"
80,100,0.6,0.2,1.5,2.0,10,0.6,0.4,0.41954152487261503,0.4122867918084608,0.010042318914786057,0.5534320323014805,0.2005689310689311,55.14698600769043,"[8, 30, 32, 2, 24, 25, 31, 19, 4, 7]"
100,100,0.7,0.3,1.5,2.0,10,0.6,0.4,0.41954152487261503,0.4122515691277468,0.006863830677543043,0.5518169582772543,0.20290348540348538,67.57830753326417,"[24, 7, 2, 25, 32, 31, 19, 30, 4, 8]"
80,200,0.8,0.3,1.5,1.5,10,0.6,0.4,0.4198510807272584,0.41217807339960777,0.009488353561279157,0.5475100942126515,0.20918004218004219,128.01365604400635,"[24, 3, 7, 25, 30, 19, 2, 32, 8, 4]"
100,200,0.6,0.2,2.0,1.5,10,0.6,0.4,0.41651774739392505,0.4121606045367822,0.004770336963254703,0.5518169582772544,0.20267607392607392,136.8833589553833,"[25, 2, 19, 30, 7, 24, 20, 8, 32, 4]"
100,200,0.8,0.2,2.0,2.0,10,0.6,0.4,0.41500585865458006,0.4120976072828024,0.003654270450973584,0.5485868102288022,0.20736380286380282,85.88395528793335,"[19, 24, 8, 25, 2, 30, 20, 32, 7, 3]"
100,200,0.7,0.2,1.5,2.0,10,0.6,0.4,0.4198510807272584,0.41184521992139755,0.011561515389211201,0.5518169582772543,0.20188761238761238,137.87268314361572,"[7, 25, 8, 2, 19, 24, 32, 30, 3, 4]"
80,200,0.7,0.2,1.5,1.5,10,0.6,0.4,0.41954152487261503,0.4116166484928261,0.006156147999402241,0.5518169582772543,0.20131618381618382,108.14840636253356,"[4, 8, 19, 24, 30, 7, 32, 25, 2, 31]"
80,200,0.7,0.3,2.0,2.0,10,0.6,0.4,0.41954152487261503,0.41150345527061544,0.006938325977847866,0.5550471063257066,0.1961879786879787,110.56318593025208,"[7, 32, 25, 24, 19, 2, 30, 4, 8, 31]"
100,200,0.6,0.3,1.5,1.5,10,0.6,0.4,0.41651774739392505,0.41150345527061544,0.006872551646666801,0.5550471063257066,0.1961879786879787,129.30496258735656,"[2, 32, 24, 7, 25, 23, 19, 8, 30, 4]"
50,200,0.6,0.2,2.0,2.0,10,0.6,0.4,0.41451774739392505,0.41149790932859576,0.002740316163299173,0.5502018842530283,0.20344194694194692,67.2461853981018,"[21, 2, 8, 32, 30, 24, 25, 19, 4, 7]"
100,100,0.6,0.3,2.0,2.0,10,0.6,0.4,0.41954152487261503,0.41148809691878335,0.006375723972128781,0.5502018842530283,0.20341741591741594,81.01778841018677,"[4, 25, 32, 7, 19, 24, 2, 31, 8, 30]"
80,200,0.7,0.2,2.0,1.5,10,0.6,0.4,0.41536296946660334,0.4113939378701155,0.0021921601029380893,0.5518169582772543,0.20075940725940722,107.98673133850097,"[29, 25, 24, 8, 4, 32, 2, 19, 30, 7]"
50,200,0.6,0.2,1.5,1.5,10,0.6,0.4,0.41451774739392505,0.4113939378701155,0.0032582209993360918,0.5518169582772543,0.20075940725940727,79.25088324546815,"[19, 21, 24, 25, 30, 8, 4, 2, 7, 32]"
100,200,0.7,0.2,2.0,1.5,10,0.6,0.4,0.4146963027999367,0.410837583322913,0.006020438806187913,0.5545087483176312,0.19533083583083583,111.60009236335755,"[32, 2, 24, 30, 20, 25, 8, 7, 19, 31]"
100,200,0.8,0.2,2.0,1.5,10,0.6,0.4,0.4198510807272584,0.4107881118731724,0.006518589190383841,0.5426648721399732,0.21297297147297148,122.38416171073914,"[25, 30, 32, 8, 2, 7, 19, 24, 4, 3]"
100,100,0.8,0.2,1.5,2.0,10,0.6,0.4,0.4198510807272584,0.41062964895131787,0.00695015056270123,0.5534320323014805,0.19642607392607392,68.02488842010499,"[4, 32, 24, 3, 8, 25, 7, 2, 30, 19]"
80,200,0.6,0.3,1.5,2.0,10,0.6,0.4,0.41651774739392505,0.41061588003741434,0.008684694907329581,0.5475100942126515,0.20527455877455875,108.12883763313293,"[7, 30, 8, 25, 23, 2, 19, 32, 24, 4]"
80,100,0.6,0.3,1.5,1.5,10,0.6,0.4,0.4198510807272584,0.4105444578750097,0.0066820411085743965,0.5442799461641992,0.20994122544122545,54.411196899414065,"[7, 25, 24, 30, 32, 8, 19, 2, 3, 4]"
50,100,0.8,0.3,1.5,1.5,10,0.6,0.4,0.4198510807272584,0.41052013155081796,0.008309980237946718,0.5502018842530283,0.2009975024975025,40.1967538356781,"[2, 32, 7, 25, 4, 8, 24, 30, 19, 3]"
80,200,0.7,0.2,2.0,2.0,10,0.6,0.4,0.41651774739392505,0.41045634661435465,0.0043638572594949365,0.5523553162853297,0.19760789210789212,107.95314841270446,"[32, 4, 25, 20, 7, 2, 19, 30, 24, 8]"
80,200,0.6,0.3,2.0,2.0,10,0.6,0.4,0.41802963613327004,0.4104407750168181,0.007595915001915592,0.5458950201884253,0.20725940725940725,107.7983280658722,"[24, 8, 19, 7, 30, 2, 25, 32, 31, 3]"
100,200,0.8,0.2,1.5,2.0,10,0.6,0.4,0.4146963027999367,0.41038492445195,0.004335097643194434,0.5491251682368775,0.20227455877455877,107.66715669631958,"[32, 19, 25, 30, 2, 7, 24, 20, 31, 8]"
50,200,0.7,0.2,1.5,2.0,10,0.6,0.4,0.41954152487261503,0.4103492133707477,0.00640231410389804,0.5475100942126513,0.20460789210789207,67.13592910766602,"[8, 4, 24, 32, 31, 30, 25, 2, 7, 3]"
50,200,0.7,0.2,2.0,2.0,10,0.6,0.4,0.4198510807272584,0.4100415697357824,0.007470205476758579,0.54535666218035,0.20706893106893104,69.79254970550537,"[7, 24, 4, 2, 30, 25, 8, 19, 32, 3]"
100,100,0.8,0.3,1.5,1.5,10,0.6,0.4,0.4198510807272584,0.40975108713628233,0.008430241168703426,0.5485868102288022,0.20149750249750248,67.08719806671142,"[24, 7, 8, 2, 25, 19, 32, 30, 3, 4]"
80,100,0.6,0.2,2.0,1.5,10,0.6,0.4,0.41500585865458006,0.4097003020308538,0.006387958025158708,0.5442799461641992,0.20783083583083584,58.93528757095337,"[25, 32, 24, 19, 7, 2, 3, 30, 8, 23]"
80,200,0.6,0.2,2.0,1.5,10,0.6,0.4,0.4198510807272584,0.40959554012609195,0.008075583796625561,0.5442799461641992,0.20756893106893104,125.46596579551696,"[2, 3, 19, 24, 30, 25, 7, 32, 8, 4]"
100,100,0.6,0.3,1.5,2.0,10,0.6,0.4,0.4146963027999367,0.4095628820708229,0.006568670331609525,0.5493943472409152,0.19981568431568428,84.1530695438385,"[7, 2, 25, 32, 19, 31, 30, 24, 23, 8]"
50,200,0.7,0.3,2.0,1.5,10,0.6,0.4,0.4198510807272584,0.4094754070514501,0.011044528214643724,0.5458950201884253,0.20484598734598736,70.82648601531983,"[32, 30, 4, 2, 25, 24, 7, 19, 8, 3]"
50,200,0.8,0.3,1.5,1.5,10,0.6,0.4,0.41954152487261503,0.40946219183836946,0.005893439638655672,0.5518169582772543,0.19593004218004215,71.22509832382202,"[19, 2, 8, 32, 25, 30, 4, 7, 24, 31]"
50,200,0.6,0.3,2.0,2.0,10,0.6,0.4,0.4198510807272584,0.40945823747061977,0.009752215116290578,0.5448183041722746,0.20641813741813744,67.17264966964721,"[7, 3, 24, 19, 25, 32, 2, 8, 30, 4]"
80,100,0.7,0.3,1.5,2.0,10,0.6,0.4,0.41802963613327,0.4093717248207153,0.006846963752549175,0.555585464333782,0.19005111555111553,55.99098992347717,"[24, 2, 32, 31, 25, 7, 30, 19, 3, 8]"
50,200,0.7,0.3,1.5,2.0,10,0.6,0.4,0.41651774739392505,0.4093307606704646,0.006566875220304649,0.5469717362045762,0.20286929736929737,69.97945942878724,"[7, 19, 2, 30, 24, 8, 20, 25, 32, 4]"
100,100,0.6,0.3,2.0,1.5,10,0.6,0.4,0.41651774739392505,0.40932592064732043,0.003768075265835973,0.5415881561238224,0.21093256743256744,83.82919507026672,"[30, 19, 2, 24, 25, 8, 23, 32, 7, 4]"
80,200,0.7,0.3,2.0,1.5,10,0.6,0.4,0.4198510807272584,0.40921139605123447,0.01092613342125152,0.5528936742934052,0.19368797868797868,94.24330787658691,"[24, 19, 4, 32, 30, 2, 7, 3, 25, 8]"
80,200,0.8,0.3,1.5,2.0,10,0.6,0.4,0.4198510807272584,0.40894813369672045,0.008775162993624425,0.5378196500672947,0.21564085914085912,127.90834202766419,"[32, 25, 4, 7, 30, 24, 2, 8, 19, 3]"
100,100,0.7,0.2,1.5,2.0,10,0.6,0.4,0.41802963613327004,0.4088428421735285,0.006248753006453295,0.5502018842530283,0.19680427905427905,64.67424607276917,"[7, 32, 30, 24, 25, 19, 3, 8, 2, 31]"
80,200,0.7,0.3,1.5,2.0,10,0.6,0.4,0.41651774739392505,0.4088296489513178,0.006967547740033129,0.5534320323014805,0.19192607392607394,77.9289402961731,"[2, 30, 24, 8, 20, 25, 32, 3, 7, 4]"
100,200,0.8,0.3,2.0,2.0,10,0.6,0.4,0.41300585865458006,0.408766658106362,0.004460850140312163,0.5469717362045761,0.20145904095904096,89.50363349914551,"[3, 24, 2, 19, 32, 30, 8, 25, 7, 21]"
100,100,0.7,0.3,1.5,1.5,10,0.6,0.4,0.41651774739392505,0.4086296489513178,0.005258985665523933,0.5534320323014805,0.19142607392607391,68.38016591072082,"[7, 19, 20, 24, 32, 30, 25, 2, 8, 4]"
50,100,0.6,0.3,2.0,1.5,10,0.6,0.4,0.41802963613327004,0.40857282095801606,0.007247527178590952,0.5485868102288022,0.19855183705183704,33.60988554954529,"[24, 7, 3, 25, 2, 32, 31, 19, 8, 30]"
50,200,0.8,0.2,2.0,1.5,10,0.6,0.4,0.41802963613327004,0.40840378508884567,0.007936407597262062,0.5426648721399732,0.20701215451215452,70.29175019264221,"[19, 31, 24, 2, 30, 3, 8, 25, 32, 7]"
80,200,0.8,0.2,1.5,1.5,10,0.6,0.4,0.4198510807272584,0.4083780563088773,0.00883426018264715,0.5561238223418574,0.1867594072594073,112.93949184417724,"[24, 25, 30, 32, 19, 8, 4, 2, 3, 7]"
100,200,0.7,0.2,2.0,2.0,10,0.6,0.4,0.41651774739392505,0.4083193368318536,0.006744811673617171,0.5507402422611036,0.19468797868797866,89.59511036872864,"[8, 25, 24, 32, 30, 2, 20, 4, 19, 7]"
80,100,0.8,0.3,1.5,1.5,10,0.6,0.4,0.41651774739392505,0.40828412696918753,0.00716821083127471,0.5426648721399732,0.20671300921300922,58.18805103302002,"[25, 2, 32, 30, 8, 20, 24, 19, 4, 7]"
80,100,0.7,0.3,2.0,1.5,10,0.6,0.4,0.41802963613327004,0.40826060453678215,0.007723143015138878,0.5518169582772543,0.19292607392607394,56.29383873939514,"[8, 2, 24, 19, 25, 32, 31, 7, 3, 30]"
100,100,0.7,0.2,1.5,1.5,10,0.6,0.4,0.4198510807272584,0.4081261915294217,0.01143070068004711,0.5421265141318978,0.2071257076257076,64.44640369415283,"[24, 32, 19, 7, 8, 3, 30, 25, 2, 4]"
80,200,0.6,0.2,1.5,2.0,10,0.6,0.4,0.4198510807272584,0.4081206419421763,0.010131467259444412,0.5475100942126514,0.1990364635364635,131.76717171669006,"[25, 2, 19, 8, 32, 24, 30, 4, 7, 3]"
50,200,0.6,0.3,1.5,1.5,10,0.6,0.4,0.4198510807272584,0.4079754049151088,0.0109346550540621,0.5469717362045761,0.19948090798090795,67.13523035049438,"[25, 3, 30, 24, 8, 19, 2, 32, 4, 7]"
100,200,0.6,0.2,1.5,1.5,10,0.6,0.4,0.4142201123237462,0.40784076006242903,0.007256618094229014,0.5534320323014805,0.1894538517038517,122.34885468482972,"[25, 30, 2, 24, 8, 14, 32, 4, 7, 19]"
100,200,0.8,0.3,1.5,2.0,10,0.6,0.4,0.41270822358440123,0.40781456638172653,0.0031896833725465665,0.5550471063257066,0.18696575646575647,102.69227166175843,"[25, 3, 2, 24, 32, 14, 30, 8, 19, 7]"
80,100,0.8,0.2,1.5,1.5,10,0.6,0.4,0.4131844140605917,0.4076751269965267,0.0038465623790793517,0.5415881561238224,0.2068055833055833,56.81498379707337,"[24, 32, 4, 20, 23, 30, 8, 25, 2, 7]"
100,100,0.6,0.2,1.5,2.0,10,0.6,0.4,0.41451774739392505,0.40762221152557626,0.006348192525534225,0.5480484522207268,0.1969828504828505,72.73955087661743,"[19, 7, 8, 24, 21, 25, 2, 32, 30, 4]"
50,200,0.7,0.2,2.0,1.5,10,0.6,0.4,0.4198510807272584,0.40744901143420653,0.009251539454929653,0.5485868102288022,0.19574231324231323,63.39469547271729,"[25, 4, 30, 7, 8, 2, 19, 3, 32, 24]"
80,200,0.8,0.3,2.0,1.5,10,0.6,0.4,0.41651774739392505,0.407425700992592,0.009036612384493905,0.5432032301480485,0.20375940725940725,95.61370811462402,"[8, 25, 24, 32, 7, 2, 20, 30, 19, 4]"
100,100,0.7,0.3,2.0,2.0,10,0.6,0.4,0.41651774739392505,0.4071518861279292,0.010212795162430165,0.5458950201884253,0.19903718503718507,66.87313356399537,"[8, 24, 32, 7, 2, 30, 19, 25, 4, 23]"
100,100,0.8,0.2,2.0,2.0,10,0.6,0.4,0.41954152487261503,0.40709869977487745,0.0071579785320447014,0.5518169582772544,0.19002131202131203,67.02911715507507,"[25, 30, 32, 7, 24, 8, 4, 31, 2, 19]"
50,200,0.8,0.2,2.0,2.0,10,0.6,0.4,0.41954152487261503,0.40693621291225596,0.011961779755657983,0.5458950201884253,0.198498001998002,70.19704031944275,"[19, 8, 31, 32, 25, 4, 2, 24, 30, 7]"
50,100,0.8,0.3,1.5,2.0,10,0.6,0.4,0.4162081915392817,0.4068746123324858,0.010647853323056136,0.5464333781965007,0.19753646353646354,40.0903685092926,"[20, 4, 30, 31, 7, 24, 25, 32, 2, 8]"
50,100,0.6,0.3,1.5,1.5,10,0.6,0.4,0.41651774739392505,0.4068479274874968,0.00889873484487094,0.5410497981157469,0.20554512154512153,34.464913082122806,"[8, 32, 24, 4, 2, 23, 30, 25, 7, 3]"
100,100,0.6,0.2,2.0,1.5,10,0.6,0.4,0.4198510807272584,0.406846822177374,0.008200063077958538,0.5442799461641992,0.2006971361971362,90.48071579933166,"[19, 7, 25, 30, 24, 2, 32, 4, 8, 3]"
50,100,0.8,0.2,1.5,2.0,10,0.6,0.4,0.4198510807272584,0.40670399129806933,0.009892700433942598,0.5394347240915209,0.2076078921078921,33.60566334724426,"[25, 19, 7, 30, 32, 24, 3, 2, 8, 4]"
50,100,0.7,0.3,2.0,1.5,10,0.6,0.4,0.4131844140605917,0.4066863119533376,0.003970184161340786,0.5491251682368776,0.19302802752802753,33.53489527702332,"[30, 25, 2, 7, 20, 24, 4, 32, 8, 23]"
50,100,0.8,0.2,2.0,2.0,10,0.6,0.4,0.41954152487261503,0.4064728230943574,0.0072024532760647875,0.5475100942126513,0.1949169164169164,39.605697107315066,"[24, 25, 2, 7, 32, 4, 31, 19, 30, 8]"
80,100,0.8,0.3,1.5,2.0,10,0.6,0.4,0.41500585865458006,0.40614048855287077,0.00975864677146286,0.5448183041722745,0.19812376512376512,58.894128036499026,"[30, 24, 3, 23, 7, 32, 2, 25, 19, 8]"
80,100,0.7,0.2,1.5,1.5,10,0.6,0.4,0.41651774739392505,0.40603362040979807,0.006355219618385856,0.5518169582772543,0.1873586136086136,55.5053514957428,"[24, 20, 30, 8, 25, 32, 4, 2, 19, 7]"
50,100,0.8,0.2,1.5,1.5,10,0.6,0.4,0.41451774739392505,0.40602907966864893,0.006243707218776439,0.5410497981157469,0.20349800199800194,33.732466506958005,"[21, 8, 24, 2, 25, 32, 7, 19, 30, 4]"
80,100,0.6,0.3,1.5,2.0,10,0.6,0.4,0.41451774739392505,0.4057431135565408,0.005762028089557557,0.5437415881561238,0.19874540165716637,55.69204702377319,"[32, 7, 24, 2, 8, 21, 25, 19, 30, 4]"
100,100,0.8,0.2,1.5,1.5,10,0.6,0.4,0.4142201123237462,0.4056065928019851,0.005011681112779468,0.5502018842530283,0.1887136556254203,66.85195093154907,"[32, 2, 25, 14, 8, 19, 7, 30, 24, 4]"
100,100,0.8,0.3,2.0,1.5,10,0.6,0.4,0.41536296946660334,0.4055177602119729,0.009357893780349296,0.5453566621803498,0.19575940725940724,65.95909562110901,"[4, 2, 24, 8, 32, 29, 7, 25, 19, 30]"
80,100,0.7,0.2,2.0,1.5,10,0.6,0.4,0.41954152487261503,0.4054900097659183,0.008591909557660824,0.5399730820995963,0.20376540126540124,55.87746286392212,"[19, 8, 32, 25, 24, 7, 4, 30, 2, 31]"
50,200,0.8,0.3,2.0,2.0,10,0.6,0.4,0.41500585865458006,0.4054709401560007,0.008990516923211804,0.5426648721399732,0.19968004218004215,70.54986772537231,"[24, 19, 7, 32, 2, 23, 30, 25, 8, 3]"
100,100,0.6,0.3,1.5,1.5,10,0.6,0.4,0.4142201123237462,0.4054521015099749,0.009241005900838274,0.5464333781965007,0.19398018648018647,83.32932934761047,"[14, 25, 7, 24, 30, 4, 19, 2, 32, 8]"
50,200,0.7,0.3,2.0,2.0,10,0.6,0.4,0.41651774739392505,0.4053888453931206,0.008778248998866787,0.541049798115747,0.20189741630918104,70.0098253250122,"[32, 7, 24, 25, 20, 30, 2, 8, 4, 19]"
50,200,0.8,0.3,1.5,2.0,10,0.6,0.4,0.41536296946660334,0.4050099190177252,0.01024916864326656,0.5434724091520862,0.19731618381618382,69.84974851608277,"[19, 4, 29, 24, 7, 2, 32, 8, 25, 30]"
50,100,0.7,0.2,1.5,1.5,10,0.6,0.4,0.41954152487261503,0.40500456698976206,0.010898270067009469,0.5485868102288022,0.18963120213120216,33.77907943725586,"[19, 32, 4, 31, 25, 24, 2, 8, 7, 30]"
50,100,0.8,0.3,2.0,1.5,10,0.6,0.4,0.4131844140605917,0.40494683348653737,0.006837348395886128,0.5469717362045761,0.19190947940947942,39.71223397254944,"[24, 2, 7, 32, 20, 23, 25, 30, 8, 4]"
80,100,0.8,0.2,1.5,2.0,10,0.6,0.4,0.41651774739392505,0.4049309212625182,0.010894877716399225,0.5432032301480485,0.19752245793422266,57.755492782592775,"[7, 19, 25, 30, 32, 24, 4, 23, 8, 2]"
80,100,0.7,0.2,1.5,2.0,10,0.6,0.4,0.4096725253212467,0.40468602913461593,0.004327075627051502,0.5378196500672947,0.20498559773559774,56.337932109832764,"[21, 25, 32, 7, 8, 2, 20, 30, 24, 19]"
100,100,0.7,0.2,2.0,2.0,10,0.6,0.4,0.41500585865458006,0.40466906639046607,0.00851676991271692,0.5415881561238223,0.1992904317904318,65.33519053459167,"[25, 3, 30, 32, 19, 7, 24, 8, 2, 20]"
50,200,0.6,0.2,2.0,1.5,10,0.6,0.4,0.4131844140605917,0.40459061957228376,0.007098462638355712,0.546164199192463,0.19223025014201484,67.50988159179687,"[30, 20, 7, 24, 8, 2, 25, 23, 32, 4]"
50,200,0.8,0.3,2.0,1.5,10,0.6,0.4,0.41802963613327004,0.40444181502660637,0.010187153754361102,0.5308209959623149,0.21487304362304363,68.90161933898926,"[25, 31, 2, 8, 24, 7, 3, 32, 19, 30]"
50,200,0.6,0.3,2.0,1.5,10,0.6,0.4,0.41651774739392505,0.4043699612186827,0.010484711720388727,0.5437415881561238,0.19531252081252082,67.03270831108094,"[25, 30, 8, 7, 20, 32, 3, 24, 2, 4]"
50,200,0.8,0.2,1.5,2.0,10,0.6,0.4,0.41451774739392505,0.4043510999543301,0.009060245720726124,0.5421265141318977,0.1976879786879787,70.52857551574706,"[8, 25, 32, 24, 2, 21, 30, 7, 19, 4]"
50,100,0.8,0.3,2.0,2.0,10,0.6,0.4,0.4142201123237462,0.4043486637712431,0.009180975122337297,0.5464333781965006,0.19122159213335682,39.70502529144287,"[30, 19, 2, 8, 32, 25, 24, 4, 14, 7]"
50,100,0.6,0.2,1.5,2.0,10,0.6,0.4,0.41954152487261503,0.4041446419887874,0.012636163688837137,0.5423956931359355,0.19676806526806526,35.84060254096985,"[7, 24, 2, 32, 8, 19, 31, 25, 30, 4]"
80,100,0.7,0.3,2.0,2.0,10,0.6,0.4,0.4093748902510679,0.4041404708346835,0.004001655102117357,0.54535666218035,0.19231618381618382,55.93378896713257,"[20, 8, 2, 25, 30, 24, 32, 19, 14, 7]"
50,100,0.6,0.2,2.0,2.0,10,0.6,0.4,0.41954152487261503,0.403999695802926,0.009148502539481053,0.5421265141318978,0.1968094683094683,34.00670948028564,"[30, 25, 2, 7, 24, 32, 19, 4, 8, 31]"
50,100,0.7,0.3,1.5,2.0,10,0.6,0.4,0.4116725253212467,0.4036606216275126,0.00883080922088333,0.5432032301480485,0.19434670884670885,33.84870014190674,"[8, 20, 32, 2, 25, 19, 23, 30, 24, 7]"
50,100,0.6,0.2,2.0,1.5,10,0.6,0.4,0.4116725253212467,0.4036587478619779,0.004399293845814323,0.5421265141318977,0.1959570984570985,35.061676836013795,"[30, 2, 32, 24, 20, 25, 8, 19, 7, 23]"
100,100,0.8,0.3,1.5,2.0,10,0.6,0.4,0.41239866772975786,0.4033508134903828,0.007549677571391014,0.541049798115747,0.19680233655233653,66.8660253047943,"[8, 19, 7, 14, 24, 31, 25, 30, 2, 32]"
50,100,0.7,0.3,1.5,1.5,10,0.6,0.4,0.4116725253212467,0.40302064835120016,0.005214867513596873,0.5442799461641992,0.19113170163170162,33.7523431301117,"[22, 19, 30, 24, 32, 8, 3, 7, 25, 2]"
50,100,0.6,0.2,1.5,1.5,10,0.6,0.4,0.41051774739392505,0.40280923733063706,0.011527248103064328,0.5415881561238224,0.19464085914085913,33.53173770904541,"[2, 32, 19, 29, 8, 24, 7, 20, 25, 30]"
50,100,0.6,0.3,1.5,2.0,10,0.6,0.4,0.41651774739392505,0.4027767185707966,0.008920312764899777,0.5394347240915208,0.1977897102897103,33.871837568283084,"[24, 32, 20, 8, 25, 30, 7, 4, 2, 3]"
80,100,0.7,0.3,1.5,1.5,10,0.6,0.4,0.4142201123237462,0.40272530576945104,0.010462670568852623,0.5423956931359353,0.1932197247197247,57.600873708724976,"[14, 4, 7, 30, 19, 2, 24, 25, 32, 8]"
80,100,0.6,0.3,2.0,1.5,10,0.6,0.4,0.4142201123237462,0.40248455467157074,0.00971931830159036,0.5345895020188426,0.20432713365066307,55.535174417495725,"[14, 2, 24, 7, 8, 25, 32, 30, 19, 4]"
100,100,0.8,0.2,2.0,1.5,10,0.6,0.4,0.4116725253212467,0.4023166677198978,0.005909603418510584,0.5421265141318977,0.19260189810189812,67.31725816726684,"[25, 24, 32, 2, 7, 30, 8, 20, 23, 19]"
80,200,0.8,0.3,2.0,2.0,10,0.6,0.4,0.4058417118995853,0.401909243739661,0.0034522068852608787,0.53835800807537,0.19723609723609722,115.6216254234314,"[24, 32, 2, 4, 25, 31, 8, 14, 7, 19]"
80,100,0.8,0.2,2.0,1.5,10,0.6,0.4,0.4142201123237462,0.40160925014868487,0.010593682483071585,0.5351278600269179,0.20133133533133535,56.63853783607483,"[14, 30, 7, 32, 24, 2, 25, 19, 4, 8]"
100,100,0.7,0.3,2.0,1.5,10,0.6,0.4,0.4093748902510679,0.4015484271971486,0.008274632206679637,0.5437415881561238,0.1882586857586858,67.09289603233337,"[32, 19, 14, 24, 7, 30, 2, 25, 8, 23]"
100,100,0.8,0.3,2.0,2.0,10,0.6,0.4,0.41500585865458006,0.40102590496089824,0.008385422981830142,0.5397039030955586,0.19300890775890775,45.533029317855835,"[8, 19, 25, 32, 24, 7, 23, 30, 3, 2]"
80,100,0.8,0.2,2.0,2.0,10,0.6,0.4,0.41088677899041287,0.4010114351328348,0.00765638651380224,0.5415881561238223,0.19014635364635363,52.67085704803467,"[2, 25, 30, 8, 24, 32, 20, 14, 4, 7]"
50,100,0.8,0.2,2.0,1.5,10,0.6,0.4,0.40844890282440754,0.4006499421619206,0.006682964469474437,0.5270524899057873,0.21104612054612054,33.67395567893982,"[3, 8, 4, 2, 24, 25, 7, 20, 32, 19]"
50,100,0.7,0.2,2.0,2.0,10,0.6,0.4,0.41451774739392505,0.40036742019756827,0.008773465054659261,0.526514131897712,0.21114735264735263,33.858372640609744,"[8, 32, 24, 25, 30, 2, 3, 7, 21, 4]"
100,100,0.6,0.2,1.5,1.5,10,0.6,0.4,0.4131844140605917,0.3999781082085254,0.008958191479632793,0.53835800807537,0.1924082584082584,71.1919653892517,"[24, 2, 23, 20, 7, 25, 32, 8, 30, 4]"
80,100,0.6,0.3,2.0,2.0,10,0.6,0.4,0.4061169697656911,0.3999695938725548,0.007423945896761556,0.5302826379542396,0.20450002775002774,56.38870902061463,"[8, 19, 30, 25, 4, 28, 24, 7, 2, 32]"
100,200,0.7,0.3,2.0,2.0,10,0.6,0.4,0.41270822358440123,0.39987990171933646,0.008966756698235824,0.5351278600269179,0.19700796425796424,135.33830819129943,"[14, 19, 8, 24, 7, 2, 25, 32, 3, 30]"
50,100,0.7,0.2,1.5,2.0,10,0.6,0.4,0.41651774739392505,0.3994426076092294,0.016777764182441913,0.5313593539703904,0.2015674880674881,33.73432149887085,"[2, 8, 24, 32, 25, 7, 23, 30, 4, 19]"
50,100,0.6,0.3,2.0,2.0,10,0.6,0.4,0.40433919198791335,0.39891929762370737,0.004393413512222184,0.546971736204576,0.17684063975240444,33.64231824874878,"[2, 15, 24, 8, 32, 7, 25, 19, 30, 4]"
100,100,0.7,0.2,2.0,1.5,10,0.6,0.4,0.4061393469697642,0.39847961035524965,0.008161348025904628,0.528129205921938,0.20400521700521698,63.669569683074954,"[19, 24, 32, 2, 8, 21, 25, 4, 31, 7]"
50,100,0.7,0.2,2.0,1.5,10,0.6,0.4,0.4096725253212467,0.3965317287995302,0.013601324338516926,0.5362045760430687,0.18702245793422262,33.80140552520752,"[8, 24, 2, 30, 25, 21, 19, 32, 23, 7]"
80,100,0.7,0.2,2.0,2.0,10,0.6,0.4,0.40906533439642456,0.39580019113531895,0.01437923244165487,0.5456258411843876,0.17106171606171605,56.452289485931395,"[2, 24, 8, 14, 23, 32, 30, 31, 7, 25]"
80,100,0.8,0.3,2.0,2.0,10,0.6,0.4,0.4037503801716453,0.3950700468366687,0.010536686606760775,0.5313593539703902,0.19063608613608612,57.52660613059997,"[31, 2, 4, 23, 20, 30, 24, 7, 8, 25]"
80,100,0.8,0.3,2.0,1.5,10,0.6,0.4,0.4038510807272584,0.39450397785256464,0.008247558287786763,0.5378196500672947,0.1795304695304695,56.397867345809935,"[30, 2, 22, 23, 29, 7, 8, 24, 32, 25]"
50,100,0.7,0.3,2.0,2.0,10,0.6,0.4,0.40708371350497863,0.39091798929349403,0.010179559078435858,0.522207267833109,0.19398407148407149,33.82710590362549,"[8, 25, 2, 30, 23, 31, 3, 24, 7, 4]"
